{
  "version": "5.0.5",
  "flags": {},
  "shapes": [
    {
      "label": "Potato_Lateblight",
      "points": [
        [
          137.91620111731842,
          64.31284916201118
        ],
        [
          241.268156424581,
          206.2122905027933
        ]
      ],
      "group_id": null,
      "shape_type": "rectangle",
      "flags": {}
    }
  ],
  "imagePath": "..\\Images\\01a8cc9f-074a-4866-87c8-bb5a9e3895b4___RS_LB 2968.JPG",
  "imageData": null,
  "imageHeight": 256,
  "imageWidth": 256
}