{
  "version": "5.0.5",
  "flags": {},
  "shapes": [
    {
      "label": "Potato_Lateblight",
      "points": [
        [
          102.72067039106145,
          54.53631284916201
        ],
        [
          177.02234636871506,
          160.12290502793297
        ]
      ],
      "group_id": null,
      "shape_type": "rectangle",
      "flags": {}
    }
  ],
  "imagePath": "..\\Images\\03bab48b-962b-4c08-bc98-da95237d20ac___RS_LB 3190.JPG",
  "imageData": null,
  "imageHeight": 256,
  "imageWidth": 256
}