{
  "version": "5.0.5",
  "flags": {},
  "shapes": [
    {
      "label": "Potato_Lateblight",
      "points": [
        [
          14.1731843575419,
          98.67039106145252
        ],
        [
          119.75977653631284,
          206.77094972067042
        ]
      ],
      "group_id": null,
      "shape_type": "rectangle",
      "flags": {}
    }
  ],
  "imagePath": "..\\Images\\04bbcc55-93d3-4a19-9137-8de036a8a4db___RS_LB 2647.JPG",
  "imageData": null,
  "imageHeight": 256,
  "imageWidth": 256
}