{
  "version": "5.0.5",
  "flags": {},
  "shapes": [
    {
      "label": "Potato_Lateblight",
      "points": [
        [
          51.882681564245814,
          26.324022346368718
        ],
        [
          188.75418994413408,
          202.0223463687151
        ]
      ],
      "group_id": null,
      "shape_type": "rectangle",
      "flags": {}
    }
  ],
  "imagePath": "..\\Images\\05c29b23-ecdf-41fc-be67-910bb74cd67c___RS_LB 4016.JPG",
  "imageData": null,
  "imageHeight": 256,
  "imageWidth": 256
}