{
  "version": "5.0.5",
  "flags": {},
  "shapes": [
    {
      "label": "Potato_Lateblight",
      "points": [
        [
          46.854748603351965,
          83.3072625698324
        ],
        [
          137.35754189944134,
          163.75418994413408
        ]
      ],
      "group_id": null,
      "shape_type": "rectangle",
      "flags": {}
    }
  ],
  "imagePath": "..\\Images\\07fea080-7f6b-48e9-b6b5-10d7daf57610___RS_LB 3210.JPG",
  "imageData": null,
  "imageHeight": 256,
  "imageWidth": 256
}