{
  "version": "5.0.5",
  "flags": {},
  "shapes": [
    {
      "label": "Potato_Lateblight",
      "points": [
        [
          92.66480446927375,
          53.977653631284916
        ],
        [
          215.8491620111732,
          179.95530726256985
        ]
      ],
      "group_id": null,
      "shape_type": "rectangle",
      "flags": {}
    }
  ],
  "imagePath": "..\\Images\\0d8346e1-4624-4979-84e6-1353ca59007a___RS_LB 4079.JPG",
  "imageData": null,
  "imageHeight": 256,
  "imageWidth": 256
}