{
  "version": "5.0.5",
  "flags": {},
  "shapes": [
    {
      "label": "Potato_Lateblight",
      "points": [
        [
          4.675977653631293,
          74.36871508379889
        ],
        [
          230.6536312849162,
          181.07262569832403
        ]
      ],
      "group_id": null,
      "shape_type": "rectangle",
      "flags": {}
    }
  ],
  "imagePath": "..\\Images\\0eb24a67-a174-43db-86c7-cca8795942a2___RS_LB 4722.JPG",
  "imageData": null,
  "imageHeight": 256,
  "imageWidth": 256
}