{
  "version": "5.0.5",
  "flags": {},
  "shapes": [
    {
      "label": "Potato_Lateblight",
      "points": [
        [
          3.2793296089385535,
          36.10055865921788
        ],
        [
          196.29608938547486,
          182.46927374301677
        ]
      ],
      "group_id": null,
      "shape_type": "rectangle",
      "flags": {}
    }
  ],
  "imagePath": "..\\Images\\0f243024-b1fa-4f96-ac7e-ecaf6dc5bc37___RS_LB 4925.JPG",
  "imageData": null,
  "imageHeight": 256,
  "imageWidth": 256
}