{
  "version": "5.0.5",
  "flags": {},
  "shapes": [
    {
      "label": "Potato_Lateblight",
      "points": [
        [
          36.240223463687144,
          2.301675977653634
        ],
        [
          133.16759776536313,
          81.07262569832402
        ]
      ],
      "group_id": null,
      "shape_type": "rectangle",
      "flags": {}
    }
  ],
  "imagePath": "..\\Images\\1b7342d7-5d89-4ee3-8b4f-587d79187511___RS_LB 4416.JPG",
  "imageData": null,
  "imageHeight": 256,
  "imageWidth": 256
}