{
  "version": "5.0.5",
  "flags": {},
  "shapes": [
    {
      "label": "Potato_Lateblight",
      "points": [
        [
          47.6927374301676,
          72.41340782122906
        ],
        [
          144.34078212290504,
          182.18994413407822
        ]
      ],
      "group_id": null,
      "shape_type": "rectangle",
      "flags": {}
    }
  ],
  "imagePath": "..\\Images\\1cffe6a1-6fb3-4506-846c-478148a2b678___RS_LB 4380.JPG",
  "imageData": null,
  "imageHeight": 256,
  "imageWidth": 256
}