{
  "version": "5.0.5",
  "flags": {},
  "shapes": [
    {
      "label": "Potato_Lateblight",
      "points": [
        [
          4.675977653631293,
          89.73184357541899
        ],
        [
          118.64245810055866,
          179.95530726256985
        ]
      ],
      "group_id": null,
      "shape_type": "rectangle",
      "flags": {}
    }
  ],
  "imagePath": "..\\Images\\2addf5f2-acc5-448c-88a1-fe357d9aa9ac___RS_LB 4736.JPG",
  "imageData": null,
  "imageHeight": 256,
  "imageWidth": 256
}