{
  "version": "5.0.5",
  "flags": {},
  "shapes": [
    {
      "label": "Potato_Lateblight",
      "points": [
        [
          109.70391061452514,
          22.6927374301676
        ],
        [
          230.37430167597765,
          165.98882681564248
        ]
      ],
      "group_id": null,
      "shape_type": "rectangle",
      "flags": {}
    }
  ],
  "imagePath": "..\\Images\\2b064606-e6e2-46e0-9788-d1049f0e4fed___RS_LB 4246.JPG",
  "imageData": null,
  "imageHeight": 256,
  "imageWidth": 256
}