{
  "version": "5.0.5",
  "flags": {},
  "shapes": [
    {
      "label": "Potato_Lateblight",
      "points": [
        [
          23.67039106145252,
          98.94972067039106
        ],
        [
          165.8491620111732,
          213.75418994413408
        ]
      ],
      "group_id": null,
      "shape_type": "rectangle",
      "flags": {}
    }
  ],
  "imagePath": "..\\Images\\2b974785-090d-4dae-81a2-ce3ebc2a1c68___RS_LB 4634.JPG",
  "imageData": null,
  "imageHeight": 256,
  "imageWidth": 256
}