{
  "version": "5.0.5",
  "flags": {},
  "shapes": [
    {
      "label": "Potato_Lateblight",
      "points": [
        [
          30.932960893854755,
          49.22905027932961
        ],
        [
          226.463687150838,
          214.59217877094974
        ]
      ],
      "group_id": null,
      "shape_type": "rectangle",
      "flags": {}
    }
  ],
  "imagePath": "..\\Images\\2d736aa6-79a6-42b0-9e92-d859bcd72824___RS_LB 5244.JPG",
  "imageData": null,
  "imageHeight": 256,
  "imageWidth": 256
}