{
  "version": "5.0.5",
  "flags": {},
  "shapes": [
    {
      "label": "Potato_Lateblight",
      "points": [
        [
          118.64245810055866,
          96.15642458100558
        ],
        [
          213.89385474860333,
          166.54748603351956
        ]
      ],
      "group_id": null,
      "shape_type": "rectangle",
      "flags": {}
    }
  ],
  "imagePath": "..\\Images\\2d8cbe58-280e-4c93-9b06-26f4279eb4d8___RS_LB 2855.JPG",
  "imageData": null,
  "imageHeight": 256,
  "imageWidth": 256
}