{
  "version": "5.0.5",
  "flags": {},
  "shapes": [
    {
      "label": "Potato_Lateblight",
      "points": [
        [
          32.88826815642459,
          46.435754189944134
        ],
        [
          222.55307262569832,
          206.77094972067042
        ]
      ],
      "group_id": null,
      "shape_type": "rectangle",
      "flags": {}
    }
  ],
  "imagePath": "..\\Images\\3d4b41e8-18f8-400a-a961-82731c6ac4d5___RS_LB 5157.JPG",
  "imageData": null,
  "imageHeight": 256,
  "imageWidth": 256
}