{
  "version": "5.0.5",
  "flags": {},
  "shapes": [
    {
      "label": "Potato_Lateblight",
      "points": [
        [
          63.33519553072625,
          21.854748603351958
        ],
        [
          217.24581005586592,
          200.3463687150838
        ]
      ],
      "group_id": null,
      "shape_type": "rectangle",
      "flags": {}
    }
  ],
  "imagePath": "..\\Images\\3f2d7c62-8d58-4a40-9df4-0ab3497b13b9___RS_LB 4487.JPG",
  "imageData": null,
  "imageHeight": 256,
  "imageWidth": 256
}