{
  "version": "5.0.5",
  "flags": {},
  "shapes": [
    {
      "label": "Potato_Lateblight",
      "points": [
        [
          155.79329608938548,
          27.441340782122907
        ],
        [
          242.10614525139667,
          132.18994413407822
        ]
      ],
      "group_id": null,
      "shape_type": "rectangle",
      "flags": {}
    }
  ],
  "imagePath": "..\\Images\\4ac84ca7-f60a-406e-938d-40f4ba5b75ce___RS_LB 2731.JPG",
  "imageData": null,
  "imageHeight": 256,
  "imageWidth": 256
}