{
  "version": "5.0.5",
  "flags": {},
  "shapes": [
    {
      "label": "Potato_Lateblight",
      "points": [
        [
          84.84357541899442,
          102.02234636871508
        ],
        [
          207.46927374301677,
          147.83240223463687
        ]
      ],
      "group_id": null,
      "shape_type": "rectangle",
      "flags": {}
    }
  ],
  "imagePath": "..\\Images\\4afd8bf6-0e1e-4a85-a576-1e8995c88d5c___RS_LB 2505.JPG",
  "imageData": null,
  "imageHeight": 256,
  "imageWidth": 256
}