{
  "version": "5.0.5",
  "flags": {},
  "shapes": [
    {
      "label": "Potato_Lateblight",
      "points": [
        [
          75.9050279329609,
          83.3072625698324
        ],
        [
          168.08379888268158,
          176.32402234636874
        ]
      ],
      "group_id": null,
      "shape_type": "rectangle",
      "flags": {}
    }
  ],
  "imagePath": "..\\Images\\4cc2dba7-6871-481d-8989-07ea683e58b5___RS_LB 4979.JPG",
  "imageData": null,
  "imageHeight": 256,
  "imageWidth": 256
}