{
  "version": "5.0.5",
  "flags": {},
  "shapes": [
    {
      "label": "Potato_Lateblight",
      "points": [
        [
          51.32402234636871,
          58.44692737430168
        ],
        [
          183.16759776536313,
          203.13966480446928
        ]
      ],
      "group_id": null,
      "shape_type": "rectangle",
      "flags": {}
    }
  ],
  "imagePath": "..\\Images\\4d96b41e-8e2e-4a0d-b9a2-0ab8456e4074___RS_LB 3893.JPG",
  "imageData": null,
  "imageHeight": 256,
  "imageWidth": 256
}