{
  "version": "5.0.5",
  "flags": {},
  "shapes": [
    {
      "label": "Potato_Lateblight",
      "points": [
        [
          36.240223463687144,
          14.03351955307263
        ],
        [
          225.9050279329609,
          236.93854748603354
        ]
      ],
      "group_id": null,
      "shape_type": "rectangle",
      "flags": {}
    }
  ],
  "imagePath": "..\\Images\\5a2996c9-ed8f-4c8d-bab3-b68a833b7811___RS_LB 4786.JPG",
  "imageData": null,
  "imageHeight": 256,
  "imageWidth": 256
}