{
  "version": "5.0.5",
  "flags": {},
  "shapes": [
    {
      "label": "Potato_Lateblight",
      "points": [
        [
          89.59217877094972,
          52.58100558659218
        ],
        [
          137.0782122905028,
          83.3072625698324
        ]
      ],
      "group_id": null,
      "shape_type": "rectangle",
      "flags": {}
    }
  ],
  "imagePath": "..\\Images\\5fe37f29-fe15-42ac-93b5-90aa5337bd55___RS_LB 2514.JPG",
  "imageData": null,
  "imageHeight": 256,
  "imageWidth": 256
}