{
  "version": "5.0.5",
  "flags": {},
  "shapes": [
    {
      "label": "Potato_Lateblight",
      "points": [
        [
          36.240223463687144,
          26.044692737430168
        ],
        [
          138.19553072625698,
          195.5977653631285
        ]
      ],
      "group_id": null,
      "shape_type": "rectangle",
      "flags": {}
    }
  ],
  "imagePath": "..\\Images\\6a62fd77-1091-43ad-86a7-f42c56615e5f___RS_LB 4871.JPG",
  "imageData": null,
  "imageHeight": 256,
  "imageWidth": 256
}