{
  "version": "5.0.5",
  "flags": {},
  "shapes": [
    {
      "label": "Potato_Lateblight",
      "points": [
        [
          47.13407821229049,
          25.486033519553075
        ],
        [
          214.731843575419,
          244.48044692737432
        ]
      ],
      "group_id": null,
      "shape_type": "rectangle",
      "flags": {}
    }
  ],
  "imagePath": "..\\Images\\6e5ae22d-5e91-4fed-b731-94f80ff63613___RS_LB 5113.JPG",
  "imageData": null,
  "imageHeight": 256,
  "imageWidth": 256
}