{
  "version": "5.0.5",
  "flags": {},
  "shapes": [
    {
      "label": "Potato_Lateblight",
      "points": [
        [
          41.82681564245809,
          77.44134078212291
        ],
        [
          212.21787709497207,
          197.83240223463687
        ]
      ],
      "group_id": null,
      "shape_type": "rectangle",
      "flags": {}
    }
  ],
  "imagePath": "..\\Images\\6f0fffdc-876f-449f-b03e-f25081f2c44f___RS_LB 4096.JPG",
  "imageData": null,
  "imageHeight": 256,
  "imageWidth": 256
}