{
  "version": "5.0.5",
  "flags": {},
  "shapes": [
    {
      "label": "Potato_Lateblight",
      "points": [
        [
          140.15083798882682,
          21.575418994413408
        ],
        [
          206.6312849162011,
          68.50279329608938
        ]
      ],
      "group_id": null,
      "shape_type": "rectangle",
      "flags": {}
    }
  ],
  "imagePath": "..\\Images\\6fc1834e-7909-4177-9480-6cd9f23109b4___RS_LB 4023.JPG",
  "imageData": null,
  "imageHeight": 256,
  "imageWidth": 256
}