{
  "version": "5.0.5",
  "flags": {},
  "shapes": [
    {
      "label": "Potato_Lateblight",
      "points": [
        [
          43.78212290502793,
          147.2737430167598
        ],
        [
          180.0949720670391,
          230.51396648044692
        ]
      ],
      "group_id": null,
      "shape_type": "rectangle",
      "flags": {}
    }
  ],
  "imagePath": "..\\Images\\7bf67e1e-57c8-4f68-bc5a-56b2a69f30ec___RS_LB 2509.JPG",
  "imageData": null,
  "imageHeight": 256,
  "imageWidth": 256
}