{
  "version": "5.0.5",
  "flags": {},
  "shapes": [
    {
      "label": "Potato_Lateblight",
      "points": [
        [
          42.10614525139664,
          19.899441340782126
        ],
        [
          192.94413407821227,
          160.12290502793297
        ]
      ],
      "group_id": null,
      "shape_type": "rectangle",
      "flags": {}
    }
  ],
  "imagePath": "..\\Images\\7e0d53ac-3088-473e-a40e-50223afd4e60___RS_LB 2568.JPG",
  "imageData": null,
  "imageHeight": 256,
  "imageWidth": 256
}