{
  "version": "5.0.5",
  "flags": {},
  "shapes": [
    {
      "label": "Potato_Lateblight",
      "points": [
        [
          26.743016759776538,
          62.91620111731844
        ],
        [
          153.27932960893855,
          191.68715083798884
        ]
      ],
      "group_id": null,
      "shape_type": "rectangle",
      "flags": {}
    }
  ],
  "imagePath": "..\\Images\\7e486917-7f31-4a26-b0ca-6175ebc2beee___RS_LB 4113.JPG",
  "imageData": null,
  "imageHeight": 256,
  "imageWidth": 256
}